{
  "california_housing": {
    "wrapper": {
      "time (ms)": 73.19474220275879,
      "inertia": 15132.016989458503
    },
    "numba": {
      "time (ms)": 0.0007653236389160156,
      "inertia": 15132.016989458503
    }
  },
  "iris": {
    "wrapper": {
      "time (ms)": 0.03218650817871094,
      "inertia": 13.836611462984841
    },
    "numba": {
      "time (ms)": 0.0007669925689697266,
      "inertia": 13.836611462984841
    }
  },
  "32K-blobs": {
    "wrapper": {
      "time (ms)": 1.2896060943603516,
      "inertia": 114663.49035083523
    },
    "numba": {
      "time (ms)": 0.0007522106170654297,
      "inertia": 114663.49035083526
    }
  },
  "32K-rand": {
    "wrapper": {
      "time (ms)": 1.3380050659179688,
      "inertia": 335.0618736017028
    },
    "numba": {
      "time (ms)": 0.0007522106170654297,
      "inertia": 335.0618736017028
    }
  },
  "2^10": {
    "wrapper": {
      "time (ms)": 0.04458427429199219,
      "inertia": 10.979501989876024
    },
    "numba": {
      "time (ms)": 0.0007476806640625,
      "inertia": 10.979501989876024
    }
  },
  "2^11": {
    "wrapper": {
      "time (ms)": 0.06937980651855469,
      "inertia": 20.17642031019375
    },
    "numba": {
      "time (ms)": 0.0007498264312744141,
      "inertia": 20.17642031019375
    }
  },
  "2^12": {
    "wrapper": {
      "time (ms)": 0.13327598571777344,
      "inertia": 42.051826665850015
    },
    "numba": {
      "time (ms)": 0.0007519721984863281,
      "inertia": 42.05182666585001
    }
  },
  "2^13": {
    "wrapper": {
      "time (ms)": 0.2655982971191406,
      "inertia": 84.64343780834275
    },
    "numba": {
      "time (ms)": 0.0007269382476806641,
      "inertia": 84.64343780834278
    }
  },
  "2^14": {
    "wrapper": {
      "time (ms)": 0.5736351013183594,
      "inertia": 168.3704041622423
    },
    "numba": {
      "time (ms)": 0.0007703304290771484,
      "inertia": 168.3704041622423
    }
  },
  "2^15": {
    "wrapper": {
      "time (ms)": 1.4202594757080078,
      "inertia": 342.1451694727336
    },
    "numba": {
      "time (ms)": 0.0007407665252685547,
      "inertia": 342.1451694727336
    }
  },
  "2^16": {
    "wrapper": {
      "time (ms)": 3.167390823364258,
      "inertia": 681.7579126743126
    },
    "numba": {
      "time (ms)": 0.0007631778717041016,
      "inertia": 681.7579126743127
    }
  },
  "2^17": {
    "wrapper": {
      "time (ms)": 7.116079330444336,
      "inertia": 1359.1697545190268
    },
    "numba": {
      "time (ms)": 0.0007734298706054688,
      "inertia": 1359.1697545190264
    }
  },
  "2^18": {
    "wrapper": {
      "time (ms)": 15.491962432861328,
      "inertia": 2720.533654677367
    },
    "numba": {
      "time (ms)": 0.0007810592651367188,
      "inertia": 2720.5336546773674
    }
  },
  "2^19": {
    "wrapper": {
      "time (ms)": 33.42247009277344,
      "inertia": 5477.134183388549
    },
    "numba": {
      "time (ms)": 0.0007839202880859375,
      "inertia": 5477.134183388551
    }
  },
  "2^20": {
    "wrapper": {
      "time (ms)": 72.94034957885742,
      "inertia": 10937.081959149004
    },
    "numba": {
      "time (ms)": 0.0007824897766113281,
      "inertia": 10937.081959149004
    }
  },
  "2^21": {
    "wrapper": {
      "time (ms)": 175.7526397705078,
      "inertia": 21852.91978081625
    },
    "numba": {
      "time (ms)": 0.0008158683776855469,
      "inertia": 21852.91978081623
    }
  },
  "2^22": {
    "wrapper": {
      "time (ms)": 466.92395210266113,
      "inertia": 43669.10027200672
    },
    "numba": {
      "time (ms)": 0.0008373260498046875,
      "inertia": 43669.100272006704
    }
  },
  "2^23": {
    "wrapper": {
      "time (ms)": 1164.47114944458,
      "inertia": 87399.76569317724
    },
    "numba": {
      "time (ms)": 0.0008435249328613281,
      "inertia": 87399.7656931772
    }
  }
}