{
  "california_housing": {
    "wrapper": {
      "time (ms)": 1.9338130950927734,
      "inertia": 15132.016989458503
    },
    "numba": {
      "time (ms)": 0.0007390975952148438,
      "inertia": 15132.016989458505
    }
  },
  "iris": {
    "wrapper": {
      "time (ms)": 0.023126602172851562,
      "inertia": 13.85034910142339
    },
    "numba": {
      "time (ms)": 0.0007319450378417969,
      "inertia": 13.85034910142339
    }
  },
  "32K-blobs": {
    "wrapper": {
      "time (ms)": 3.078937530517578,
      "inertia": 114663.49035083526
    },
    "numba": {
      "time (ms)": 0.0007450580596923828,
      "inertia": 114663.49035083526
    }
  },
  "32K-rand": {
    "wrapper": {
      "time (ms)": 3.123044967651367,
      "inertia": 335.0618736017028
    },
    "numba": {
      "time (ms)": 0.0007376670837402344,
      "inertia": 335.0618736017028
    }
  },
  "2^10": {
    "wrapper": {
      "time (ms)": 0.09083747863769531,
      "inertia": 10.979501989876024
    },
    "numba": {
      "time (ms)": 0.0007238388061523438,
      "inertia": 10.979501989876024
    }
  },
  "2^11": {
    "wrapper": {
      "time (ms)": 0.16999244689941406,
      "inertia": 20.17642031019375
    },
    "numba": {
      "time (ms)": 0.0007169246673583984,
      "inertia": 20.17642031019375
    }
  },
  "2^12": {
    "wrapper": {
      "time (ms)": 0.34928321838378906,
      "inertia": 42.051826665850015
    },
    "numba": {
      "time (ms)": 0.0007350444793701172,
      "inertia": 42.05182666585001
    }
  },
  "2^13": {
    "wrapper": {
      "time (ms)": 0.72479248046875,
      "inertia": 84.64343780834275
    },
    "numba": {
      "time (ms)": 0.000720977783203125,
      "inertia": 84.64343780834278
    }
  },
  "2^14": {
    "wrapper": {
      "time (ms)": 1.5277862548828125,
      "inertia": 168.3704041622423
    },
    "numba": {
      "time (ms)": 0.0007648468017578125,
      "inertia": 168.3704041622423
    }
  },
  "2^15": {
    "wrapper": {
      "time (ms)": 3.1952857971191406,
      "inertia": 342.1451694727336
    },
    "numba": {
      "time (ms)": 0.0007681846618652344,
      "inertia": 342.1451694727336
    }
  },
  "2^16": {
    "wrapper": {
      "time (ms)": 7.091045379638672,
      "inertia": 681.7579126743126
    },
    "numba": {
      "time (ms)": 0.0007951259613037109,
      "inertia": 681.7579126743127
    }
  },
  "2^17": {
    "wrapper": {
      "time (ms)": 14.972209930419922,
      "inertia": 1359.1697545190268
    },
    "numba": {
      "time (ms)": 0.0007951259613037109,
      "inertia": 1359.1697545190264
    }
  },
  "2^18": {
    "wrapper": {
      "time (ms)": 31.569957733154297,
      "inertia": 2720.533654677367
    },
    "numba": {
      "time (ms)": 0.0007939338684082031,
      "inertia": 2720.5336546773674
    }
  },
  "2^19": {
    "wrapper": {
      "time (ms)": 67.48509407043457,
      "inertia": 5477.134183388549
    },
    "numba": {
      "time (ms)": 0.000820159912109375,
      "inertia": 5477.134183388551
    }
  },
  "2^20": {
    "wrapper": {
      "time (ms)": 142.852783203125,
      "inertia": 10937.081959149004
    },
    "numba": {
      "time (ms)": 0.0008478164672851562,
      "inertia": 10937.081959149004
    }
  },
  "2^21": {
    "wrapper": {
      "time (ms)": 313.69590759277344,
      "inertia": 21852.91978081625
    },
    "numba": {
      "time (ms)": 0.0008270740509033203,
      "inertia": 21852.91978081623
    }
  },
  "2^22": {
    "wrapper": {
      "time (ms)": 731.6780090332031,
      "inertia": 43669.10027200672
    },
    "numba": {
      "time (ms)": 0.0008587837219238281,
      "inertia": 43669.100272006704
    }
  },
  "2^23": {
    "wrapper": {
      "time (ms)": 1650.0301361083984,
      "inertia": 87399.76569317724
    },
    "numba": {
      "time (ms)": 0.00086212158203125,
      "inertia": 87399.7656931772
    }
  }
}