{
  "california_housing": {
    "wrapper": {
      "time (ms)": 74.37634468078613,
      "inertia": 15132.016989458503
    },
    "numba": {
      "time (ms)": 0.0008401870727539062,
      "inertia": 15132.016989458505
    }
  },
  "iris": {
    "wrapper": {
      "time (ms)": 0.025033950805664062,
      "inertia": 15.420672532660674
    },
    "numba": {
      "time (ms)": 0.0007967948913574219,
      "inertia": 15.420672532660673
    }
  },
  "32K-blobs": {
    "wrapper": {
      "time (ms)": 3.2601356506347656,
      "inertia": 115846.35424057549
    },
    "numba": {
      "time (ms)": 0.0008358955383300781,
      "inertia": 115846.35424057549
    }
  },
  "32K-rand": {
    "wrapper": {
      "time (ms)": 3.2508373260498047,
      "inertia": 333.91856357493384
    },
    "numba": {
      "time (ms)": 0.0008399486541748047,
      "inertia": 333.91856357493384
    }
  },
  "2^10": {
    "wrapper": {
      "time (ms)": 0.07891654968261719,
      "inertia": 10.370504360812962
    },
    "numba": {
      "time (ms)": 0.0008020401000976562,
      "inertia": 10.370504360812962
    }
  },
  "2^11": {
    "wrapper": {
      "time (ms)": 0.17905235290527344,
      "inertia": 21.257576125350717
    },
    "numba": {
      "time (ms)": 0.0008141994476318359,
      "inertia": 21.257576125350717
    }
  },
  "2^12": {
    "wrapper": {
      "time (ms)": 0.3447532653808594,
      "inertia": 42.81540228349065
    },
    "numba": {
      "time (ms)": 0.0008392333984375,
      "inertia": 42.815402283490656
    }
  },
  "2^13": {
    "wrapper": {
      "time (ms)": 0.8330345153808594,
      "inertia": 84.1744720803056
    },
    "numba": {
      "time (ms)": 0.0008780956268310547,
      "inertia": 84.1744720803056
    }
  },
  "2^14": {
    "wrapper": {
      "time (ms)": 1.6720294952392578,
      "inertia": 170.53516937404876
    },
    "numba": {
      "time (ms)": 0.0008480548858642578,
      "inertia": 170.5351693740488
    }
  },
  "2^15": {
    "wrapper": {
      "time (ms)": 3.3440589904785156,
      "inertia": 338.208747177004
    },
    "numba": {
      "time (ms)": 0.0008997917175292969,
      "inertia": 338.208747177004
    }
  },
  "2^16": {
    "wrapper": {
      "time (ms)": 7.220029830932617,
      "inertia": 684.4036376984056
    },
    "numba": {
      "time (ms)": 0.0009069442749023438,
      "inertia": 684.4036376984055
    }
  },
  "2^17": {
    "wrapper": {
      "time (ms)": 15.67387580871582,
      "inertia": 1369.3014553225705
    },
    "numba": {
      "time (ms)": 0.0009579658508300781,
      "inertia": 1369.301455322571
    }
  },
  "2^18": {
    "wrapper": {
      "time (ms)": 33.09488296508789,
      "inertia": 2727.487909325838
    },
    "numba": {
      "time (ms)": 0.0009729862213134767,
      "inertia": 2727.4879093258382
    }
  },
  "2^19": {
    "wrapper": {
      "time (ms)": 70.23310661315918,
      "inertia": 5460.108663780481
    },
    "numba": {
      "time (ms)": 0.001039266586303711,
      "inertia": 5460.108663780483
    }
  },
  "2^20": {
    "wrapper": {
      "time (ms)": 154.8149585723877,
      "inertia": 10915.021718482252
    },
    "numba": {
      "time (ms)": 0.0009889602661132812,
      "inertia": 10915.02171848225
    }
  },
  "2^21": {
    "wrapper": {
      "time (ms)": 345.3969955444336,
      "inertia": 21838.181732732108
    },
    "numba": {
      "time (ms)": 0.0009849071502685547,
      "inertia": 21838.18173273213
    }
  },
  "2^22": {
    "wrapper": {
      "time (ms)": 793.2448387145996,
      "inertia": 43682.08096069975
    },
    "numba": {
      "time (ms)": 0.0010678768157958984,
      "inertia": 43682.08096069973
    }
  },
  "2^23": {
    "wrapper": {
      "time (ms)": 1766.899824142456,
      "inertia": 87355.49916013176
    },
    "numba": {
      "time (ms)": 0.0010612010955810547,
      "inertia": 87355.49916013176
    }
  },
  "2^24": {
    "wrapper": {
      "time (ms)": 3802.2971153259277,
      "inertia": 174733.8208747049
    },
    "numba": {
      "time (ms)": 0.0010030269622802734,
      "inertia": 174733.82087470507
    }
  },
  "2^25": {
    "wrapper": {
      "time (ms)": 8154.114007949829,
      "inertia": 349525.37225610507
    },
    "numba": {
      "time (ms)": 0.0010571479797363281,
      "inertia": 349525.37225610565
    }
  },
  "2^26": {
    "wrapper": {
      "time (ms)": 18259.85813140869,
      "inertia": 699004.4332950049
    },
    "numba": {
      "time (ms)": 0.0011949539184570312,
      "inertia": 699004.4332950042
    }
  }
}